,Unnamed: 0,#,Name,Type 1,Type 2,Legendary,Total,HP,Attack,Defense,Sp. Atk,Sp. Def,Speed,Generation
0,0,1,Bulbasaur,Grass,Poison,TEST 2,591,45,49,49,65,65,45,TEST 1
1,1,2,Ivysaur,Grass,Poison,TEST 2,750,60,62,63,80,80,60,TEST 1
2,2,3,Venusaur,Grass,Poison,TEST 2,970,80,82,83,100,100,80,TEST 1
3,3,3,VenusaurMega Venusaur,Grass,Poison,TEST 2,1170,80,100,123,122,120,80,TEST 1
4,4,4,Charmander,Fire,,TEST 2,553,39,52,43,60,50,65,TEST 1
5,5,5,Charmeleon,Fire,,TEST 2,730,58,64,58,80,65,80,TEST 1
6,6,6,Charizard,Fire,Flying,TEST 2,968,78,84,78,109,85,100,TEST 1
7,7,6,CharizardMega Charizard X,Fire,Dragon,TEST 2,1168,78,130,111,130,85,100,TEST 1
8,8,6,CharizardMega Charizard Y,Fire,Flying,TEST 2,1168,78,104,78,159,115,100,TEST 1
9,9,7,Squirtle,Water,,TEST 2,585,44,48,65,50,64,43,TEST 1
10,10,8,Wartortle,Water,,TEST 2,752,59,63,80,65,80,58,TEST 1
11,11,9,Blastoise,Water,,TEST 2,982,79,83,100,85,105,78,TEST 1
12,12,9,BlastoiseMega Blastoise,Water,,TEST 2,1182,79,103,120,135,115,78,TEST 1
13,13,10,Caterpie,Bug,,False,345,45,30,35,20,20,45,1
14,14,11,Metapod,Bug,,False,380,50,20,55,25,25,30,1
15,15,12,Butterfree,Bug,Flying,TEST 2,720,60,45,50,90,80,70,TEST 1
16,16,13,Weedle,Bug,Poison,False,340,40,35,30,20,20,50,1
17,17,14,Kakuna,Bug,Poison,False,375,45,25,50,25,25,35,1
18,18,15,Beedrill,Bug,Poison,TEST 2,715,65,90,40,45,80,75,TEST 1
19,19,15,BeedrillMega Beedrill,Bug,Poison,TEST 2,845,65,150,40,15,80,145,TEST 1
20,20,16,Pidgey,Normal,Flying,False,446,40,45,40,35,35,56,1
21,21,17,Pidgeotto,Normal,Flying,TEST 2,627,63,60,55,50,50,71,TEST 1
22,22,18,Pidgeot,Normal,Flying,TEST 2,857,83,80,75,70,70,101,TEST 1
23,23,18,PidgeotMega Pidgeot,Normal,Flying,TEST 2,1037,83,80,80,135,80,121,TEST 1
24,24,19,Rattata,Normal,,False,434,30,56,35,25,35,72,1
25,25,20,Raticate,Normal,,TEST 2,729,55,81,60,50,70,97,TEST 1
26,26,21,Spearow,Normal,Flying,False,454,40,60,30,31,31,70,1
27,27,22,Fearow,Normal,Flying,TEST 2,784,65,90,65,61,61,100,TEST 1
28,28,23,Ekans,Poison,,TEST 2,521,35,60,44,40,54,55,TEST 1
29,29,24,Arbok,Poison,,TEST 2,796,60,85,69,65,79,80,TEST 1
30,30,25,Pikachu,Electric,,TEST 2,550,35,55,40,50,50,90,TEST 1
31,31,26,Raichu,Electric,,TEST 2,860,60,90,55,90,80,110,TEST 1
32,32,27,Sandshrew,Ground,,TEST 2,560,50,75,85,20,30,40,TEST 1
33,33,28,Sandslash,Ground,,TEST 2,835,75,100,110,45,55,65,TEST 1
34,34,29,Nidoran (Female),Poison,,TEST 2,509,55,47,52,40,40,41,TEST 1
35,35,30,Nidorina,Poison,,TEST 2,674,70,62,67,55,55,56,TEST 1
36,36,31,Nidoqueen,Poison,Ground,TEST 2,934,90,92,87,75,85,76,TEST 1
37,37,32,Nidoran (Male),Poison,,False,496,46,57,40,40,40,50,1
38,38,33,Nidorino,Poison,,TEST 2,665,61,72,57,55,55,65,TEST 1
39,39,34,Nidoking,Poison,Ground,TEST 2,925,81,102,77,85,75,85,TEST 1
40,40,35,Clefairy,Fairy,,TEST 2,611,70,45,48,60,65,35,TEST 1
41,41,36,Clefable,Fairy,,TEST 2,906,95,70,73,95,90,60,TEST 1
42,42,37,Vulpix,Fire,,TEST 2,533,38,41,40,50,65,65,TEST 1
43,43,38,Ninetales,Fire,,TEST 2,910,73,76,75,81,100,100,TEST 1
44,44,39,Jigglypuff,Normal,Fairy,TEST 2,520,115,45,20,45,25,20,TEST 1
45,45,40,Wigglytuff,Normal,Fairy,TEST 2,825,140,70,45,85,50,45,TEST 1
46,46,41,Zubat,Poison,Flying,False,435,40,45,35,30,40,55,1
47,47,42,Golbat,Poison,Flying,TEST 2,820,75,80,70,65,75,90,TEST 1
48,48,43,Oddish,Grass,Poison,TEST 2,610,45,50,55,75,65,30,TEST 1
49,49,44,Gloom,Grass,Poison,TEST 2,750,60,65,70,85,75,40,TEST 1
50,50,45,Vileplume,Grass,Poison,TEST 2,930,75,80,85,110,90,50,TEST 1
51,51,46,Paras,Bug,Grass,TEST 2,545,35,70,55,45,55,25,TEST 1
52,52,47,Parasect,Bug,Grass,TEST 2,780,60,95,80,60,80,30,TEST 1
53,53,48,Venonat,Bug,Poison,TEST 2,565,60,55,50,40,55,45,TEST 1
54,54,49,Venomoth,Bug,Poison,TEST 2,810,70,65,60,90,75,90,TEST 1
55,55,50,Diglett,Ground,,False,435,10,55,25,35,45,95,1
56,56,51,Dugtrio,Ground,,TEST 2,690,35,80,50,50,70,120,TEST 1
57,57,52,Meowth,Normal,,False,490,40,45,35,40,40,90,1
58,58,53,Persian,Normal,,TEST 2,765,65,70,60,65,65,115,TEST 1
59,59,54,Psyduck,Water,,TEST 2,585,50,52,48,65,50,55,TEST 1
60,60,55,Golduck,Water,,TEST 2,915,80,82,78,95,80,85,TEST 1
61,61,56,Mankey,Fighting,,TEST 2,540,40,80,35,35,45,70,TEST 1
62,62,57,Primeape,Fighting,,TEST 2,815,65,105,60,60,70,95,TEST 1
63,63,58,Growlithe,Fire,,TEST 2,640,55,70,45,70,50,60,TEST 1
64,64,59,Arcanine,Fire,,TEST 2,1015,90,110,80,100,80,95,TEST 1
65,65,60,Poliwag,Water,,TEST 2,510,40,50,40,40,40,90,TEST 1
66,66,61,Poliwhirl,Water,,TEST 2,680,65,65,65,50,50,90,TEST 1
67,67,62,Poliwrath,Water,Fighting,TEST 2,950,90,95,95,70,90,70,TEST 1
68,68,63,Abra,Psychic,,TEST 2,530,25,20,15,105,55,90,TEST 1
69,69,64,Kadabra,Psychic,,TEST 2,695,40,35,30,120,70,105,TEST 1
70,70,65,Alakazam,Psychic,,TEST 2,880,55,50,45,135,95,120,TEST 1
71,71,65,AlakazamMega Alakazam,Psychic,,TEST 2,1030,55,50,65,175,95,150,TEST 1
72,72,66,Machop,Fighting,,TEST 2,575,70,80,50,35,35,35,TEST 1
73,73,67,Machoke,Fighting,,TEST 2,765,80,100,70,50,60,45,TEST 1
74,74,68,Machamp,Fighting,,TEST 2,955,90,130,80,65,85,55,TEST 1
75,75,69,Bellsprout,Grass,Poison,TEST 2,560,50,75,35,70,30,40,TEST 1
76,76,70,Weepinbell,Grass,Poison,TEST 2,725,65,90,50,85,45,55,TEST 1
77,77,71,Victreebel,Grass,Poison,TEST 2,910,80,105,65,100,70,70,TEST 1
78,78,72,Tentacool,Water,Poison,TEST 2,600,40,40,35,50,100,70,TEST 1
79,79,73,Tentacruel,Water,Poison,TEST 2,930,80,70,65,80,120,100,TEST 1
80,80,74,Geodude,Rock,Ground,TEST 2,580,40,80,100,30,30,20,TEST 1
81,81,75,Graveler,Rock,Ground,TEST 2,745,55,95,115,45,45,35,TEST 1
82,82,76,Golem,Rock,Ground,TEST 2,945,80,120,130,55,65,45,TEST 1
83,83,77,Ponyta,Fire,,TEST 2,730,50,85,55,65,65,90,TEST 1
84,84,78,Rapidash,Fire,,TEST 2,895,65,100,70,80,80,105,TEST 1
85,85,79,Slowpoke,Water,Psychic,TEST 2,615,90,65,65,40,40,15,TEST 1
86,86,80,Slowbro,Water,Psychic,TEST 2,950,95,75,110,100,80,30,TEST 1
87,87,80,SlowbroMega Slowbro,Water,Psychic,TEST 2,1150,95,75,180,130,80,30,TEST 1
88,88,81,Magnemite,Electric,Steel,TEST 2,605,25,35,70,95,55,45,TEST 1
89,89,82,Magneton,Electric,Steel,TEST 2,860,50,60,95,120,70,70,TEST 1
90,90,83,Farfetch'd,Normal,Flying,TEST 2,644,52,65,55,58,62,60,TEST 1
91,91,84,Doduo,Normal,Flying,TEST 2,545,35,85,45,35,35,75,TEST 1
92,92,85,Dodrio,Normal,Flying,TEST 2,820,60,110,70,60,60,100,TEST 1
93,93,86,Seel,Water,,TEST 2,605,65,45,55,45,70,45,TEST 1
94,94,87,Dewgong,Water,Ice,TEST 2,880,90,70,80,70,95,70,TEST 1
95,95,88,Grimer,Poison,,TEST 2,625,80,80,50,40,50,25,TEST 1
96,96,89,Muk,Poison,,TEST 2,950,105,105,75,65,100,50,TEST 1
97,97,90,Shellder,Water,,TEST 2,570,30,65,100,45,25,40,TEST 1
98,98,91,Cloyster,Water,Ice,TEST 2,980,50,95,180,85,45,70,TEST 1
99,99,92,Gastly,Ghost,Poison,TEST 2,540,30,35,30,100,35,80,TEST 1
100,100,93,Haunter,Ghost,Poison,TEST 2,715,45,50,45,115,55,95,TEST 1
101,101,94,Gengar,Ghost,Poison,TEST 2,890,60,65,60,130,75,110,TEST 1
102,102,94,GengarMega Gengar,Ghost,Poison,TEST 2,1070,60,65,80,170,95,130,TEST 1
103,103,95,Onix,Rock,Ground,TEST 2,700,35,45,160,30,45,70,TEST 1
104,104,96,Drowzee,Psychic,,TEST 2,614,60,48,45,43,90,42,TEST 1
105,105,97,Hypno,Psychic,,TEST 2,899,85,73,70,73,115,67,TEST 1
106,106,98,Krabby,Water,,TEST 2,600,30,105,90,25,25,50,TEST 1
107,107,99,Kingler,Water,,TEST 2,875,55,130,115,50,50,75,TEST 1
108,108,100,Voltorb,Electric,,TEST 2,560,40,30,50,55,55,100,TEST 1
109,109,101,Electrode,Electric,,TEST 2,820,60,50,70,80,80,140,TEST 1
110,110,102,Exeggcute,Grass,Psychic,TEST 2,610,60,40,80,60,45,40,TEST 1
111,111,103,Exeggutor,Grass,Psychic,TEST 2,985,95,95,85,125,65,55,TEST 1
112,112,104,Cubone,Ground,,TEST 2,605,50,50,95,40,50,35,TEST 1
113,113,105,Marowak,Ground,,TEST 2,805,60,80,110,50,80,45,TEST 1
114,114,106,Hitmonlee,Fighting,,TEST 2,823,50,120,53,35,110,87,TEST 1
115,115,107,Hitmonchan,Fighting,,TEST 2,834,50,105,79,35,110,76,TEST 1
116,116,108,Lickitung,Normal,,TEST 2,740,90,55,75,60,75,30,TEST 1
117,117,109,Koffing,Poison,,TEST 2,645,40,65,95,60,45,35,TEST 1
118,118,110,Weezing,Poison,,TEST 2,920,65,90,120,85,70,60,TEST 1
119,119,111,Rhyhorn,Ground,Rock,TEST 2,665,80,85,95,30,30,25,TEST 1
120,120,112,Rhydon,Ground,Rock,TEST 2,930,105,130,120,45,45,40,TEST 1
121,121,113,Chansey,Normal,,TEST 2,850,250,5,5,35,105,50,TEST 1
122,122,114,Tangela,Grass,,TEST 2,810,65,55,115,100,40,60,TEST 1
123,123,115,Kangaskhan,Normal,,TEST 2,890,105,95,80,40,80,90,TEST 1
124,124,115,KangaskhanMega Kangaskhan,Normal,,TEST 2,1080,105,125,100,60,100,100,TEST 1
125,125,116,Horsea,Water,,TEST 2,530,30,40,70,70,25,60,TEST 1
126,126,117,Seadra,Water,,TEST 2,795,55,65,95,95,45,85,TEST 1
127,127,118,Goldeen,Water,,TEST 2,577,45,67,60,35,50,63,TEST 1
128,128,119,Seaking,Water,,TEST 2,832,80,92,65,65,80,68,TEST 1
129,129,120,Staryu,Water,,TEST 2,595,30,45,55,70,55,85,TEST 1
130,130,121,Starmie,Water,Psychic,TEST 2,925,60,75,85,100,85,115,TEST 1
131,131,122,Mr. Mime,Psychic,Fairy,TEST 2,830,40,45,65,100,120,90,TEST 1
132,132,123,Scyther,Bug,Flying,TEST 2,895,70,110,80,55,80,105,TEST 1
133,133,124,Jynx,Ice,Psychic,TEST 2,815,65,50,35,115,95,95,TEST 1
134,134,125,Electabuzz,Electric,,TEST 2,875,65,83,57,95,85,105,TEST 1
135,135,126,Magmar,Fire,,TEST 2,897,65,95,57,100,85,93,TEST 1
136,136,127,Pinsir,Bug,,TEST 2,915,65,125,100,55,70,85,TEST 1
137,137,127,PinsirMega Pinsir,Bug,Flying,TEST 2,1095,65,155,120,65,90,105,TEST 1
138,138,128,Tauros,Normal,,TEST 2,870,75,100,95,40,70,110,TEST 1
139,139,129,Magikarp,Water,,False,320,20,10,55,15,20,80,1
140,140,130,Gyarados,Water,Flying,TEST 2,999,95,125,79,60,100,81,TEST 1
141,141,130,GyaradosMega Gyarados,Water,Dark,TEST 2,1199,95,155,109,70,130,81,TEST 1
142,142,131,Lapras,Water,Ice,TEST 2,1010,130,85,80,85,95,60,TEST 1
143,143,132,Ditto,Normal,,TEST 2,528,48,48,48,48,48,48,TEST 1
144,144,133,Eevee,Normal,,TEST 2,595,55,55,50,45,65,55,TEST 1
145,145,134,Vaporeon,Water,,TEST 2,985,130,65,60,110,95,65,TEST 1
146,146,135,Jolteon,Electric,,TEST 2,920,65,65,60,110,95,130,TEST 1
147,147,136,Flareon,Fire,,TEST 2,985,65,130,60,95,110,65,TEST 1
148,148,137,Porygon,Normal,,TEST 2,750,65,60,70,85,75,40,TEST 1
149,149,138,Omanyte,Rock,Water,TEST 2,675,35,40,100,90,55,35,TEST 1
150,150,139,Omastar,Rock,Water,TEST 2,935,70,60,125,115,70,55,TEST 1
151,151,140,Kabuto,Rock,Water,TEST 2,655,30,80,90,55,45,55,TEST 1
152,152,141,Kabutops,Rock,Water,TEST 2,910,60,115,105,65,70,80,TEST 1
153,153,142,Aerodactyl,Rock,Flying,TEST 2,900,80,105,65,60,75,130,TEST 1
154,154,142,AerodactylMega Aerodactyl,Rock,Flying,TEST 2,1080,80,135,85,70,95,150,TEST 1
155,155,143,Snorlax,Normal,,TEST 2,1050,160,110,65,65,110,30,TEST 1
156,156,144,Articuno,Ice,Flying,TEST 2,1075,90,85,100,95,125,85,TEST 1
157,157,145,Zapdos,Electric,Flying,TEST 2,1060,90,90,85,125,90,100,TEST 1
158,158,146,Moltres,Fire,Flying,TEST 2,1070,90,100,90,125,85,90,TEST 1
159,159,147,Dratini,Dragon,,TEST 2,550,41,64,45,50,50,50,TEST 1
160,160,148,Dragonair,Dragon,,TEST 2,770,61,84,65,70,70,70,TEST 1
161,161,149,Dragonite,Dragon,Flying,TEST 2,1120,91,134,95,100,100,80,TEST 1
162,162,150,Mewtwo,Psychic,,TEST 2,1230,106,110,90,154,90,130,TEST 1
163,163,150,MewtwoMega Mewtwo X,Psychic,Fighting,TEST 2,1430,106,190,100,154,100,130,TEST 1
164,164,150,MewtwoMega Mewtwo Y,Psychic,,TEST 2,1420,106,150,70,194,120,140,TEST 1
165,165,151,Mew,Psychic,,TEST 2,1100,100,100,100,100,100,100,TEST 1
166,166,152,Chikorita,Grass,,TEST 2,591,45,49,65,49,65,45,TEST 1
167,167,153,Bayleef,Grass,,TEST 2,750,60,62,80,63,80,60,TEST 1
168,168,154,Meganium,Grass,,TEST 2,970,80,82,100,83,100,80,TEST 1
169,169,155,Cyndaquil,Fire,,TEST 2,553,39,52,43,60,50,65,TEST 1
170,170,156,Quilava,Fire,,TEST 2,730,58,64,58,80,65,80,TEST 1
171,171,157,Typhlosion,Fire,,TEST 2,968,78,84,78,109,85,100,TEST 1
172,172,158,Totodile,Water,,TEST 2,585,50,65,64,44,48,43,TEST 1
173,173,159,Croconaw,Water,,TEST 2,752,65,80,80,59,63,58,TEST 1
174,174,160,Feraligatr,Water,,TEST 2,982,85,105,100,79,83,78,TEST 1
175,175,161,Sentret,Normal,,False,410,35,46,34,35,45,20,2
176,176,162,Furret,Normal,,TEST 2,740,85,76,64,45,55,90,TEST 1
177,177,163,Hoothoot,Normal,Flying,False,474,60,30,30,36,56,50,2
178,178,164,Noctowl,Normal,Flying,TEST 2,814,100,50,50,76,96,70,TEST 1
179,179,165,Ledyba,Bug,Flying,False,475,40,20,30,40,80,55,2
180,180,166,Ledian,Bug,Flying,TEST 2,695,55,35,50,55,110,85,TEST 1
181,181,167,Spinarak,Bug,Poison,False,470,40,60,40,40,40,30,2
182,182,168,Ariados,Bug,Poison,TEST 2,740,70,90,70,60,60,40,TEST 1
183,183,169,Crobat,Poison,Flying,TEST 2,940,85,90,80,70,80,130,TEST 1
184,184,170,Chinchou,Water,Electric,TEST 2,593,75,38,38,56,56,67,TEST 1
185,185,171,Lanturn,Water,Electric,TEST 2,853,125,58,58,76,76,67,TEST 1
186,186,172,Pichu,Electric,,False,350,20,40,15,35,35,60,2
187,187,173,Cleffa,Fairy,,False,421,50,25,28,45,55,15,2
188,188,174,Igglybuff,Normal,Fairy,False,405,90,30,15,40,20,15,2
189,189,175,Togepi,Fairy,,False,470,35,20,65,40,65,20,2
190,190,176,Togetic,Fairy,Flying,TEST 2,770,55,40,85,80,105,40,TEST 1
191,191,177,Natu,Psychic,Flying,TEST 2,570,40,50,45,70,45,70,TEST 1
192,192,178,Xatu,Psychic,Flying,TEST 2,845,65,75,70,95,70,95,TEST 1
193,193,179,Mareep,Electric,,TEST 2,525,55,40,40,65,45,35,TEST 1
194,194,180,Flaaffy,Electric,,TEST 2,685,70,55,55,80,60,45,TEST 1
195,195,181,Ampharos,Electric,,TEST 2,965,90,75,85,115,90,55,TEST 1
196,196,181,AmpharosMega Ampharos,Electric,Dragon,TEST 2,1175,90,95,105,165,110,45,TEST 1
197,197,182,Bellossom,Grass,,TEST 2,930,75,80,95,90,100,50,TEST 1
198,198,183,Marill,Water,Fairy,False,460,70,20,50,20,50,40,2
199,199,184,Azumarill,Water,Fairy,TEST 2,790,100,50,80,60,80,50,TEST 1
200,200,185,Sudowoodo,Rock,,TEST 2,790,70,100,115,30,65,30,TEST 1
201,201,186,Politoed,Water,,TEST 2,930,90,75,75,90,100,70,TEST 1
202,202,187,Hoppip,Grass,Flying,False,450,35,35,40,35,55,50,2
203,203,188,Skiploom,Grass,Flying,TEST 2,600,55,45,50,45,65,80,TEST 1
204,204,189,Jumpluff,Grass,Flying,TEST 2,810,75,55,70,55,95,110,TEST 1
205,205,190,Aipom,Normal,,TEST 2,635,55,70,55,40,55,85,TEST 1
206,206,191,Sunkern,Grass,,False,330,30,30,30,30,30,30,2
207,207,192,Sunflora,Grass,,TEST 2,820,75,75,55,105,85,30,TEST 1
208,208,193,Yanma,Bug,Flying,TEST 2,685,65,65,45,75,45,95,TEST 1
209,209,194,Wooper,Water,Ground,False,405,55,45,45,25,25,15,2
210,210,195,Quagsire,Water,Ground,TEST 2,825,95,85,85,65,65,35,TEST 1
211,211,196,Espeon,Psychic,,TEST 2,940,65,65,60,130,95,110,TEST 1
212,212,197,Umbreon,Dark,,TEST 2,985,95,65,110,60,130,65,TEST 1
213,213,198,Murkrow,Dark,Flying,TEST 2,719,60,85,42,85,42,91,TEST 1
214,214,199,Slowking,Water,Psychic,TEST 2,950,95,75,80,100,110,30,TEST 1
215,215,200,Misdreavus,Ghost,,TEST 2,785,60,60,60,85,85,85,TEST 1
216,216,201,Unown,Psychic,,TEST 2,624,48,72,48,72,48,48,TEST 1
217,217,202,Wobbuffet,Psychic,,TEST 2,777,190,33,58,33,58,33,TEST 1
218,218,203,Girafarig,Normal,Psychic,TEST 2,825,70,80,65,90,65,85,TEST 1
219,219,204,Pineco,Bug,,TEST 2,565,50,65,90,35,35,15,TEST 1
220,220,205,Forretress,Bug,Steel,TEST 2,890,75,90,140,60,60,40,TEST 1
221,221,206,Dunsparce,Normal,,TEST 2,785,100,70,70,65,65,45,TEST 1
222,222,207,Gligar,Ground,Flying,TEST 2,775,65,75,105,35,65,85,TEST 1
223,223,208,Steelix,Steel,Ground,TEST 2,990,75,85,200,55,65,30,TEST 1
224,224,208,SteelixMega Steelix,Steel,Ground,TEST 2,1190,75,125,230,55,95,30,TEST 1
225,225,209,Snubbull,Fairy,,TEST 2,570,60,80,50,40,40,30,TEST 1
226,226,210,Granbull,Fairy,,TEST 2,855,90,120,75,60,60,45,TEST 1
227,227,211,Qwilfish,Water,Poison,TEST 2,775,65,95,75,55,55,85,TEST 1
228,228,212,Scizor,Bug,Steel,TEST 2,935,70,130,100,55,80,65,TEST 1
229,229,212,ScizorMega Scizor,Bug,Steel,TEST 2,1125,70,150,140,65,100,75,TEST 1
230,230,213,Shuckle,Bug,Rock,TEST 2,1005,20,10,230,10,230,5,TEST 1
231,231,214,Heracross,Bug,Fighting,TEST 2,915,80,125,75,40,95,85,TEST 1
232,232,214,HeracrossMega Heracross,Bug,Fighting,TEST 2,1125,80,185,115,40,105,75,TEST 1
233,233,215,Sneasel,Dark,Ice,TEST 2,745,55,95,55,35,75,115,TEST 1
234,234,216,Teddiursa,Normal,,TEST 2,620,60,80,50,50,50,40,TEST 1
235,235,217,Ursaring,Normal,,TEST 2,945,90,130,75,75,75,55,TEST 1
236,236,218,Slugma,Fire,,True,480,40,40,40,70,40,20,2
237,237,219,Magcargo,Fire,Rock,TEST 2,790,50,50,120,80,80,30,TEST 1
238,238,220,Swinub,Ice,Ground,False,450,50,50,40,30,30,50,2
239,239,221,Piloswine,Ice,Ground,TEST 2,850,100,100,80,60,60,50,TEST 1
240,240,222,Corsola,Water,Rock,TEST 2,725,55,55,85,65,85,35,TEST 1
241,241,223,Remoraid,Water,,TEST 2,535,35,65,35,65,35,65,TEST 1
242,242,224,Octillery,Water,,TEST 2,915,75,105,75,105,75,45,TEST 1
243,243,225,Delibird,Ice,Flying,TEST 2,585,45,55,45,65,45,75,TEST 1
244,244,226,Mantine,Water,Flying,TEST 2,860,65,40,70,80,140,70,TEST 1
245,245,227,Skarmory,Steel,Flying,TEST 2,860,65,80,140,40,70,70,TEST 1
246,246,228,Houndour,Dark,Fire,TEST 2,595,45,60,30,80,50,65,TEST 1
247,247,229,Houndoom,Dark,Fire,TEST 2,905,75,90,50,110,80,95,TEST 1
248,248,229,HoundoomMega Houndoom,Dark,Fire,TEST 2,1085,75,90,90,140,90,115,TEST 1
249,249,230,Kingdra,Water,Dragon,TEST 2,995,75,95,95,95,95,85,TEST 1
250,250,231,Phanpy,Ground,,TEST 2,620,90,60,60,40,40,40,TEST 1
251,251,232,Donphan,Ground,,TEST 2,950,90,120,120,60,60,50,TEST 1
252,252,233,Porygon2,Normal,,TEST 2,970,85,80,90,105,95,60,TEST 1
253,253,234,Stantler,Normal,,TEST 2,845,73,95,62,85,65,85,TEST 1
254,254,235,Smeargle,Normal,,False,425,55,20,35,20,45,75,2
255,255,236,Tyrogue,Fighting,,False,385,35,35,35,35,35,35,2
256,256,237,Hitmontop,Fighting,,TEST 2,840,50,95,95,35,110,70,TEST 1
257,257,238,Smoochum,Ice,Psychic,TEST 2,545,45,30,15,85,65,65,TEST 1
258,258,239,Elekid,Electric,,TEST 2,625,45,63,37,65,55,95,TEST 1
259,259,240,Magby,Fire,,TEST 2,647,45,75,37,70,55,83,TEST 1
260,260,241,Miltank,Normal,,TEST 2,880,95,80,105,40,70,100,TEST 1
261,261,242,Blissey,Normal,,TEST 2,1025,255,10,10,75,135,55,TEST 1
262,262,243,Raikou,Electric,,TEST 2,1045,90,85,75,115,100,115,TEST 1
263,263,244,Entei,Fire,,TEST 2,1060,115,115,85,90,75,100,TEST 1
264,264,245,Suicune,Water,,TEST 2,1075,100,75,115,90,115,85,TEST 1
265,265,246,Larvitar,Rock,Ground,TEST 2,559,50,64,50,45,50,41,TEST 1
266,266,247,Pupitar,Rock,Ground,TEST 2,769,70,84,70,65,70,51,TEST 1
267,267,248,Tyranitar,Rock,Dark,TEST 2,1139,100,134,110,95,100,61,TEST 1
268,268,248,TyranitarMega Tyranitar,Rock,Dark,TEST 2,1329,100,164,150,95,120,71,TEST 1
269,269,249,Lugia,Psychic,Flying,TEST 2,1250,106,90,130,90,154,110,TEST 1
270,270,250,Ho-oh,Fire,Flying,TEST 2,1270,106,130,90,110,154,90,TEST 1
271,271,251,Celebi,Psychic,Grass,TEST 2,1100,100,100,100,100,100,100,TEST 1
272,272,252,Treecko,Grass,,TEST 2,550,40,45,35,65,55,70,TEST 1
273,273,253,Grovyle,Grass,,TEST 2,715,50,65,45,85,65,95,TEST 1
274,274,254,Sceptile,Grass,,TEST 2,940,70,85,65,105,85,120,TEST 1
275,275,254,SceptileMega Sceptile,Grass,Dragon,TEST 2,1115,70,110,75,145,85,145,TEST 1
276,276,255,Torchic,Fire,,TEST 2,575,45,60,40,70,50,45,TEST 1
277,277,256,Combusken,Fire,Fighting,TEST 2,755,60,85,60,85,60,55,TEST 1
278,278,257,Blaziken,Fire,Fighting,TEST 2,980,80,120,70,110,70,80,TEST 1
279,279,257,BlazikenMega Blaziken,Fire,Fighting,TEST 2,1160,80,160,80,130,80,100,TEST 1
280,280,258,Mudkip,Water,,TEST 2,580,50,70,50,50,50,40,TEST 1
281,281,259,Marshtomp,Water,Ground,TEST 2,760,70,85,70,60,70,50,TEST 1
282,282,260,Swampert,Water,Ground,TEST 2,1010,100,110,90,85,90,60,TEST 1
283,283,260,SwampertMega Swampert,Water,Ground,TEST 2,1200,100,150,110,95,110,70,TEST 1
284,284,261,Poochyena,Dark,,False,405,35,55,35,30,30,35,3
285,285,262,Mightyena,Dark,,TEST 2,770,70,90,70,60,60,70,TEST 1
286,286,263,Zigzagoon,Normal,,False,420,38,30,41,30,41,60,3
287,287,264,Linoone,Normal,,TEST 2,740,78,70,61,50,61,100,TEST 1
288,288,265,Wurmple,Bug,,False,370,45,45,35,20,30,20,3
289,289,266,Silcoon,Bug,,False,395,50,35,55,25,25,15,3
290,290,267,Beautifly,Bug,Flying,TEST 2,725,60,70,50,100,50,65,TEST 1
291,291,268,Cascoon,Bug,,False,395,50,35,55,25,25,15,3
292,292,269,Dustox,Bug,Poison,TEST 2,705,60,50,70,50,90,65,TEST 1
293,293,270,Lotad,Water,Grass,False,410,40,30,30,40,50,30,3
294,294,271,Lombre,Water,Grass,TEST 2,630,60,50,50,60,70,50,TEST 1
295,295,272,Ludicolo,Water,Grass,TEST 2,890,80,70,70,90,100,70,TEST 1
296,296,273,Seedot,Grass,,False,410,40,40,50,30,30,30,3
297,297,274,Nuzleaf,Grass,Dark,TEST 2,620,70,70,40,60,40,60,TEST 1
298,298,275,Shiftry,Grass,Dark,TEST 2,880,90,100,60,90,60,80,TEST 1
299,299,276,Taillow,Normal,Flying,False,455,40,55,30,30,30,85,3
300,300,277,Swellow,Normal,Flying,TEST 2,735,60,85,60,50,50,125,TEST 1
301,301,278,Wingull,Water,Flying,False,455,40,30,30,55,30,85,3
302,302,279,Pelipper,Water,Flying,TEST 2,795,60,50,100,85,70,65,TEST 1
303,303,280,Ralts,Psychic,Fairy,False,356,28,25,25,45,35,40,3
304,304,281,Kirlia,Psychic,Fairy,TEST 2,506,38,35,35,65,55,50,TEST 1
305,305,282,Gardevoir,Psychic,Fairy,TEST 2,956,68,65,65,125,115,80,TEST 1
306,306,282,GardevoirMega Gardevoir,Psychic,Fairy,TEST 2,1136,68,85,65,165,135,100,TEST 1
307,307,283,Surskit,Bug,Water,False,473,40,30,32,50,52,65,3
308,308,284,Masquerain,Bug,Flying,TEST 2,768,70,60,62,80,82,60,TEST 1
309,309,285,Shroomish,Grass,,TEST 2,555,60,40,60,40,60,35,TEST 1
310,310,286,Breloom,Grass,Fighting,TEST 2,850,60,130,80,60,60,70,TEST 1
311,311,287,Slakoth,Normal,,TEST 2,530,60,60,60,35,35,30,TEST 1
312,312,288,Vigoroth,Normal,,TEST 2,790,80,80,80,55,55,90,TEST 1
313,313,289,Slaking,Normal,,TEST 2,1240,150,160,100,95,65,100,TEST 1
314,314,290,Nincada,Bug,Ground,False,492,31,45,90,30,30,40,3
315,315,291,Ninjask,Bug,Flying,TEST 2,752,61,90,45,50,50,160,TEST 1
316,316,292,Shedinja,Bug,Ghost,False,432,1,90,45,30,30,40,3
317,317,293,Whismur,Normal,,False,452,64,51,23,51,23,28,3
318,318,294,Loudred,Normal,,TEST 2,672,84,71,43,71,43,48,TEST 1
319,319,295,Exploud,Normal,,TEST 2,912,104,91,63,91,73,68,TEST 1
320,320,296,Makuhita,Fighting,,False,449,72,60,30,20,30,25,3
321,321,297,Hariyama,Fighting,,TEST 2,898,144,120,60,40,60,50,TEST 1
322,322,298,Azurill,Normal,Fairy,False,360,50,20,40,20,40,20,3
323,323,299,Nosepass,Rock,,TEST 2,720,30,45,135,45,90,30,TEST 1
324,324,300,Skitty,Normal,,False,470,50,45,45,35,35,50,3
325,325,301,Delcatty,Normal,,TEST 2,690,70,65,65,55,55,70,TEST 1
326,326,302,Sableye,Dark,Ghost,TEST 2,710,50,75,75,65,65,50,TEST 1
327,327,302,SableyeMega Sableye,Dark,Ghost,TEST 2,940,50,85,125,85,115,20,TEST 1
328,328,303,Mawile,Steel,Fairy,TEST 2,710,50,85,85,55,55,50,TEST 1
329,329,303,MawileMega Mawile,Steel,Fairy,TEST 2,910,50,105,125,55,95,50,TEST 1
330,330,304,Aron,Steel,Rock,TEST 2,630,50,70,100,40,40,30,TEST 1
331,331,305,Lairon,Steel,Rock,TEST 2,820,60,90,140,50,50,40,TEST 1
332,332,306,Aggron,Steel,Rock,TEST 2,1010,70,110,180,60,60,50,TEST 1
333,333,306,AggronMega Aggron,Steel,,TEST 2,1210,70,140,230,60,80,50,TEST 1
334,334,307,Meditite,Fighting,Psychic,False,500,30,40,55,40,55,60,3
335,335,308,Medicham,Fighting,Psychic,TEST 2,740,60,60,75,60,75,80,TEST 1
336,336,308,MedichamMega Medicham,Fighting,Psychic,TEST 2,920,60,100,85,80,85,100,TEST 1
337,337,309,Electrike,Electric,,TEST 2,525,40,45,40,65,40,65,TEST 1
338,338,310,Manectric,Electric,,TEST 2,845,70,75,60,105,60,105,TEST 1
339,339,310,ManectricMega Manectric,Electric,,TEST 2,1015,70,75,80,135,80,135,TEST 1
340,340,311,Plusle,Electric,,TEST 2,715,60,50,40,85,75,95,TEST 1
341,341,312,Minun,Electric,,TEST 2,715,60,40,50,75,85,95,TEST 1
342,342,313,Volbeat,Bug,,TEST 2,715,65,73,55,47,75,85,TEST 1
343,343,314,Illumise,Bug,,TEST 2,715,65,47,55,73,75,85,TEST 1
344,344,315,Roselia,Grass,Poison,TEST 2,735,50,60,45,100,80,65,TEST 1
345,345,316,Gulpin,Poison,,TEST 2,564,70,43,53,43,53,40,TEST 1
346,346,317,Swalot,Poison,,TEST 2,879,100,73,83,73,83,55,TEST 1
347,347,318,Carvanha,Water,Dark,TEST 2,545,45,90,20,65,20,65,TEST 1
348,348,319,Sharpedo,Water,Dark,TEST 2,825,70,120,40,95,40,95,TEST 1
349,349,319,SharpedoMega Sharpedo,Water,Dark,TEST 2,1015,70,140,70,110,65,105,TEST 1
350,350,320,Wailmer,Water,,TEST 2,740,130,70,35,70,35,60,TEST 1
351,351,321,Wailord,Water,,TEST 2,940,170,90,45,90,45,60,TEST 1
352,352,322,Numel,Fire,Ground,TEST 2,575,60,60,40,65,45,35,TEST 1
353,353,323,Camerupt,Fire,Ground,TEST 2,880,70,100,70,105,75,40,TEST 1
354,354,323,CameruptMega Camerupt,Fire,Ground,TEST 2,1100,70,120,100,145,105,20,TEST 1
355,355,324,Torkoal,Fire,,TEST 2,920,70,85,140,85,70,20,TEST 1
356,356,325,Spoink,Psychic,,TEST 2,600,60,25,35,70,80,60,TEST 1
357,357,326,Grumpig,Psychic,,TEST 2,860,80,45,65,90,110,80,TEST 1
358,358,327,Spinda,Normal,,TEST 2,660,60,60,60,60,60,60,TEST 1
359,359,328,Trapinch,Ground,,TEST 2,570,45,100,45,45,45,10,TEST 1
360,360,329,Vibrava,Ground,Dragon,TEST 2,610,50,70,50,50,50,70,TEST 1
361,361,330,Flygon,Ground,Dragon,TEST 2,940,80,100,80,80,80,100,TEST 1
362,362,331,Cacnea,Grass,,TEST 2,635,50,85,40,85,40,35,TEST 1
363,363,332,Cacturne,Grass,Dark,TEST 2,895,70,115,60,115,60,55,TEST 1
364,364,333,Swablu,Normal,Flying,TEST 2,570,45,40,60,40,75,50,TEST 1
365,365,334,Altaria,Dragon,Flying,TEST 2,900,75,70,90,70,105,80,TEST 1
366,366,334,AltariaMega Altaria,Dragon,Fairy,TEST 2,1100,75,110,110,110,105,80,TEST 1
367,367,335,Zangoose,Normal,,TEST 2,826,73,115,60,60,60,90,TEST 1
368,368,336,Seviper,Poison,,TEST 2,851,73,100,60,100,60,65,TEST 1
369,369,337,Lunatone,Rock,Psychic,TEST 2,810,70,55,65,95,85,70,TEST 1
370,370,338,Solrock,Rock,Psychic,TEST 2,810,70,95,85,55,65,70,TEST 1
371,371,339,Barboach,Water,Ground,TEST 2,516,50,48,43,46,41,60,TEST 1
372,372,340,Whiscash,Water,Ground,TEST 2,876,110,78,73,76,71,60,TEST 1
373,373,341,Corphish,Water,,TEST 2,581,43,80,65,50,35,35,TEST 1
374,374,342,Crawdaunt,Water,Dark,TEST 2,881,63,120,85,90,55,55,TEST 1
375,375,343,Baltoy,Ground,Psychic,TEST 2,545,40,40,55,40,70,55,TEST 1
376,376,344,Claydol,Ground,Psychic,TEST 2,925,60,70,105,70,120,75,TEST 1
377,377,345,Lileep,Rock,Grass,TEST 2,687,66,41,77,61,87,23,TEST 1
378,378,346,Cradily,Rock,Grass,TEST 2,947,86,81,97,81,107,43,TEST 1
379,379,347,Anorith,Rock,Bug,TEST 2,635,45,95,50,40,50,75,TEST 1
380,380,348,Armaldo,Rock,Bug,TEST 2,945,75,125,100,70,80,45,TEST 1
381,381,349,Feebas,Water,,False,320,20,15,20,10,55,80,3
382,382,350,Milotic,Water,,TEST 2,999,95,60,79,100,125,81,TEST 1
383,383,351,Castform,Normal,,TEST 2,770,70,70,70,70,70,70,TEST 1
384,384,352,Kecleon,Normal,,TEST 2,840,60,90,70,60,120,40,TEST 1
385,385,353,Shuppet,Ghost,,TEST 2,545,44,75,35,63,33,45,TEST 1
386,386,354,Banette,Ghost,,TEST 2,845,64,115,65,83,63,65,TEST 1
387,387,354,BanetteMega Banette,Ghost,,TEST 2,1035,64,165,75,93,83,75,TEST 1
388,388,355,Duskull,Ghost,,TEST 2,565,20,40,90,30,90,25,TEST 1
389,389,356,Dusclops,Ghost,,TEST 2,885,40,70,130,60,130,25,TEST 1
390,390,357,Tropius,Grass,Flying,TEST 2,869,99,68,83,72,87,51,TEST 1
391,391,358,Chimecho,Psychic,,TEST 2,785,65,50,70,95,80,65,TEST 1
392,392,359,Absol,Dark,,TEST 2,855,65,130,60,75,60,75,TEST 1
393,393,359,AbsolMega Absol,Dark,,TEST 2,1015,65,150,60,115,60,115,TEST 1
394,394,360,Wynaut,Psychic,,False,497,95,23,48,23,48,23,3
395,395,361,Snorunt,Ice,,TEST 2,550,50,50,50,50,50,50,TEST 1
396,396,362,Glalie,Ice,,TEST 2,880,80,80,80,80,80,80,TEST 1
397,397,362,GlalieMega Glalie,Ice,,TEST 2,1060,80,120,80,120,80,100,TEST 1
398,398,363,Spheal,Ice,Water,TEST 2,555,70,40,50,55,50,25,TEST 1
399,399,364,Sealeo,Ice,Water,TEST 2,775,90,60,70,75,70,45,TEST 1
400,400,365,Walrein,Ice,Water,TEST 2,995,110,80,90,95,90,65,TEST 1
401,401,366,Clamperl,Water,,TEST 2,658,35,64,85,74,55,32,TEST 1
402,402,367,Huntail,Water,,TEST 2,918,55,104,105,94,75,52,TEST 1
403,403,368,Gorebyss,Water,,TEST 2,918,55,84,105,114,75,52,TEST 1
404,404,369,Relicanth,Water,Rock,TEST 2,915,100,90,130,45,65,55,TEST 1
405,405,370,Luvdisc,Water,,TEST 2,563,43,30,55,40,65,97,TEST 1
406,406,371,Bagon,Dragon,,TEST 2,550,45,75,60,40,30,50,TEST 1
407,407,372,Shelgon,Dragon,,TEST 2,790,65,95,100,60,50,50,TEST 1
408,408,373,Salamence,Dragon,Flying,TEST 2,1100,95,135,80,110,80,100,TEST 1
409,409,373,SalamenceMega Salamence,Dragon,Flying,TEST 2,1280,95,145,130,120,90,120,TEST 1
410,410,374,Beldum,Steel,Psychic,TEST 2,570,40,55,80,35,60,30,TEST 1
411,411,375,Metang,Steel,Psychic,TEST 2,790,60,75,100,55,80,50,TEST 1
412,412,376,Metagross,Steel,Psychic,TEST 2,1130,80,135,130,95,90,70,TEST 1
413,413,376,MetagrossMega Metagross,Steel,Psychic,TEST 2,1290,80,145,150,105,110,110,TEST 1
414,414,377,Regirock,Rock,,TEST 2,1110,80,100,200,50,100,50,TEST 1
415,415,378,Regice,Ice,,TEST 2,1110,80,50,100,100,200,50,TEST 1
416,416,379,Registeel,Steel,,TEST 2,1110,80,75,150,75,150,50,TEST 1
417,417,380,Latias,Dragon,Psychic,TEST 2,1090,80,80,90,110,130,110,TEST 1
418,418,380,LatiasMega Latias,Dragon,Psychic,TEST 2,1290,80,100,120,140,150,110,TEST 1
419,419,381,Latios,Dragon,Psychic,TEST 2,1090,80,90,80,130,110,110,TEST 1
420,420,381,LatiosMega Latios,Dragon,Psychic,TEST 2,1290,80,130,100,160,120,110,TEST 1
421,421,382,Kyogre,Water,,TEST 2,1250,100,100,90,150,140,90,TEST 1
422,422,382,KyogrePrimal Kyogre,Water,,TEST 2,1450,100,150,90,180,160,90,TEST 1
423,423,383,Groudon,Ground,,TEST 2,1250,100,150,140,100,90,90,TEST 1
424,424,383,GroudonPrimal Groudon,Ground,Fire,TEST 2,1450,100,180,160,150,90,90,TEST 1
425,425,384,Rayquaza,Dragon,Flying,TEST 2,1265,105,150,90,150,90,95,TEST 1
426,426,384,RayquazaMega Rayquaza,Dragon,Flying,TEST 2,1445,105,180,100,180,100,115,TEST 1
427,427,385,Jirachi,Steel,Psychic,TEST 2,1100,100,100,100,100,100,100,TEST 1
428,428,386,DeoxysNormal Forme,Psychic,,TEST 2,1050,50,150,50,150,50,150,TEST 1
429,429,386,DeoxysAttack Forme,Psychic,,TEST 2,1050,50,180,20,180,20,150,TEST 1
430,430,386,DeoxysDefense Forme,Psychic,,TEST 2,1110,50,70,160,70,160,90,TEST 1
431,431,386,DeoxysSpeed Forme,Psychic,,TEST 2,1020,50,95,90,95,90,180,TEST 1
432,432,387,Turtwig,Grass,,TEST 2,605,55,68,64,45,55,31,TEST 1
433,433,388,Grotle,Grass,,TEST 2,774,75,89,85,55,65,36,TEST 1
434,434,389,Torterra,Grass,Ground,TEST 2,994,95,109,105,75,85,56,TEST 1
435,435,390,Chimchar,Fire,,TEST 2,557,44,58,44,58,44,61,TEST 1
436,436,391,Monferno,Fire,Fighting,TEST 2,729,64,78,52,78,52,81,TEST 1
437,437,392,Infernape,Fire,Fighting,TEST 2,960,76,104,71,104,71,108,TEST 1
438,438,393,Piplup,Water,,TEST 2,588,53,51,53,61,56,40,TEST 1
439,439,394,Prinplup,Water,,TEST 2,760,64,66,68,81,76,50,TEST 1
440,440,395,Empoleon,Water,Steel,TEST 2,1000,84,86,88,111,101,60,TEST 1
441,441,396,Starly,Normal,Flying,False,430,40,55,30,30,30,60,4
442,442,397,Staravia,Normal,Flying,TEST 2,600,55,75,50,40,40,80,TEST 1
443,443,398,Staraptor,Normal,Flying,TEST 2,870,85,120,70,50,60,100,TEST 1
444,444,399,Bidoof,Normal,,False,469,59,45,40,35,40,31,4
445,445,400,Bibarel,Normal,Water,TEST 2,749,79,85,60,55,60,71,TEST 1
446,446,401,Kricketot,Bug,,False,363,37,25,41,25,41,25,4
447,447,402,Kricketune,Bug,,TEST 2,703,77,85,51,55,51,65,TEST 1
448,448,403,Shinx,Electric,,False,481,45,65,34,40,34,45,4
449,449,404,Luxio,Electric,,TEST 2,666,60,85,49,60,49,60,TEST 1
450,450,405,Luxray,Electric,,TEST 2,976,80,120,79,95,79,70,TEST 1
451,451,406,Budew,Grass,Poison,TEST 2,505,40,30,35,50,70,55,TEST 1
452,452,407,Roserade,Grass,Poison,TEST 2,940,60,70,65,125,105,90,TEST 1
453,453,408,Cranidos,Rock,,TEST 2,642,67,125,40,30,30,58,TEST 1
454,454,409,Rampardos,Rock,,TEST 2,932,97,165,60,65,50,58,TEST 1
455,455,410,Shieldon,Rock,Steel,TEST 2,670,30,42,118,42,88,30,TEST 1
456,456,411,Bastiodon,Rock,Steel,TEST 2,960,60,52,168,47,138,30,TEST 1
457,457,412,Burmy,Bug,,False,412,40,29,45,29,45,36,4
458,458,413,WormadamPlant Cloak,Bug,Grass,TEST 2,812,60,59,85,79,105,36,TEST 1
459,459,413,WormadamSandy Cloak,Bug,Ground,TEST 2,812,60,79,105,59,85,36,TEST 1
460,460,413,WormadamTrash Cloak,Bug,Steel,TEST 2,812,60,69,95,69,95,36,TEST 1
461,461,414,Mothim,Bug,Flying,TEST 2,782,70,94,50,94,50,66,TEST 1
462,462,415,Combee,Bug,Flying,False,418,30,30,42,30,42,70,4
463,463,416,Vespiquen,Bug,Flying,TEST 2,908,70,80,102,80,102,40,TEST 1
464,464,417,Pachirisu,Electric,,TEST 2,715,60,45,70,45,90,95,TEST 1
465,465,418,Buizel,Water,,TEST 2,575,55,65,35,60,30,85,TEST 1
466,466,419,Floatzel,Water,,TEST 2,875,85,105,55,85,50,115,TEST 1
467,467,420,Cherubi,Grass,,TEST 2,515,45,35,45,62,53,35,TEST 1
468,468,421,Cherrim,Grass,,TEST 2,815,70,60,70,87,78,85,TEST 1
469,469,422,Shellos,Water,,TEST 2,616,76,48,48,57,62,34,TEST 1
470,470,423,Gastrodon,Water,Ground,TEST 2,911,111,83,68,92,82,39,TEST 1
471,471,424,Ambipom,Normal,,TEST 2,849,75,100,66,60,66,115,TEST 1
472,472,425,Drifloon,Ghost,Flying,TEST 2,626,90,50,34,60,44,70,TEST 1
473,473,426,Drifblim,Ghost,Flying,TEST 2,916,150,80,44,90,54,80,TEST 1
474,474,427,Buneary,Normal,,TEST 2,615,55,66,44,44,56,85,TEST 1
475,475,428,Lopunny,Normal,,TEST 2,855,65,76,84,54,96,105,TEST 1
476,476,428,LopunnyMega Lopunny,Normal,Fighting,TEST 2,1025,65,136,94,54,96,135,TEST 1
477,477,429,Mismagius,Ghost,,TEST 2,885,60,60,60,105,105,105,TEST 1
478,478,430,Honchkrow,Dark,Flying,TEST 2,939,100,125,52,105,52,71,TEST 1
479,479,431,Glameow,Normal,,TEST 2,535,49,55,42,42,37,85,TEST 1
480,480,432,Purugly,Normal,,TEST 2,792,71,82,64,64,59,112,TEST 1
481,481,433,Chingling,Psychic,,TEST 2,525,45,30,50,65,50,45,TEST 1
482,482,434,Stunky,Poison,Dark,TEST 2,584,63,63,47,41,41,74,TEST 1
483,483,435,Skuntank,Poison,Dark,TEST 2,874,103,93,67,71,61,84,TEST 1
484,484,436,Bronzor,Steel,Psychic,TEST 2,577,57,24,86,24,86,23,TEST 1
485,485,437,Bronzong,Steel,Psychic,TEST 2,967,67,89,116,79,116,33,TEST 1
486,486,438,Bonsly,Rock,,TEST 2,570,50,80,95,10,45,10,TEST 1
487,487,439,Mime Jr.,Psychic,Fairy,TEST 2,560,20,25,45,70,90,60,TEST 1
488,488,440,Happiny,Normal,,False,410,100,5,5,15,65,30,4
489,489,441,Chatot,Normal,Flying,TEST 2,731,76,65,45,92,42,91,TEST 1
490,490,442,Spiritomb,Ghost,Dark,TEST 2,935,50,92,108,92,108,35,TEST 1
491,491,443,Gible,Dragon,Ground,TEST 2,558,58,70,45,40,45,42,TEST 1
492,492,444,Gabite,Dragon,Ground,TEST 2,738,68,90,65,50,55,82,TEST 1
493,493,445,Garchomp,Dragon,Ground,TEST 2,1098,108,130,95,80,85,102,TEST 1
494,494,445,GarchompMega Garchomp,Dragon,Ground,TEST 2,1308,108,170,115,120,95,92,TEST 1
495,495,446,Munchlax,Normal,,TEST 2,775,135,85,40,40,85,5,TEST 1
496,496,447,Riolu,Fighting,,TEST 2,510,40,70,40,35,40,60,TEST 1
497,497,448,Lucario,Fighting,Steel,TEST 2,960,70,110,70,115,70,90,TEST 1
498,498,448,LucarioMega Lucario,Fighting,Steel,TEST 2,1138,70,145,88,140,70,112,TEST 1
499,499,449,Hippopotas,Ground,,TEST 2,628,68,72,78,38,42,32,TEST 1
500,500,450,Hippowdon,Ground,,TEST 2,1003,108,112,118,68,72,47,TEST 1
501,501,451,Skorupi,Poison,Bug,TEST 2,595,40,50,90,30,55,65,TEST 1
502,502,452,Drapion,Poison,Dark,TEST 2,905,70,90,110,60,75,95,TEST 1
503,503,453,Croagunk,Poison,Fighting,TEST 2,550,48,61,40,61,40,50,TEST 1
504,504,454,Toxicroak,Poison,Fighting,TEST 2,895,83,106,65,86,65,85,TEST 1
505,505,455,Carnivine,Grass,,TEST 2,862,74,100,72,90,72,46,TEST 1
506,506,456,Finneon,Water,,TEST 2,594,49,49,56,49,61,66,TEST 1
507,507,457,Lumineon,Water,,TEST 2,829,69,69,76,69,86,91,TEST 1
508,508,458,Mantyke,Water,Flying,TEST 2,640,45,20,50,60,120,50,TEST 1
509,509,459,Snover,Grass,Ice,TEST 2,628,60,62,50,62,60,40,TEST 1
510,510,460,Abomasnow,Grass,Ice,TEST 2,928,90,92,75,92,85,60,TEST 1
511,511,460,AbomasnowMega Abomasnow,Grass,Ice,TEST 2,1158,90,132,105,132,105,30,TEST 1
512,512,461,Weavile,Dark,Ice,TEST 2,895,70,120,65,45,85,125,TEST 1
513,513,462,Magnezone,Electric,Steel,TEST 2,1010,70,70,115,130,90,60,TEST 1
514,514,463,Lickilicky,Normal,,TEST 2,980,110,85,95,80,95,50,TEST 1
515,515,464,Rhyperior,Ground,Rock,TEST 2,1030,115,140,130,55,55,40,TEST 1
516,516,465,Tangrowth,Grass,,TEST 2,1020,100,100,125,110,50,50,TEST 1
517,517,466,Electivire,Electric,,TEST 2,985,75,123,67,95,85,95,TEST 1
518,518,467,Magmortar,Fire,,TEST 2,997,75,95,67,125,95,83,TEST 1
519,519,468,Togekiss,Fairy,Flying,TEST 2,1010,85,50,95,120,115,80,TEST 1
520,520,469,Yanmega,Bug,Flying,TEST 2,935,86,76,86,116,56,95,TEST 1
521,521,470,Leafeon,Grass,,TEST 2,955,65,110,130,60,65,95,TEST 1
522,522,471,Glaceon,Ice,,TEST 2,985,65,60,110,130,95,65,TEST 1
523,523,472,Gliscor,Ground,Flying,TEST 2,925,75,95,125,45,75,95,TEST 1
524,524,473,Mamoswine,Ice,Ground,TEST 2,980,110,130,80,70,60,80,TEST 1
525,525,474,Porygon-Z,Normal,,TEST 2,980,85,80,70,135,75,90,TEST 1
526,526,475,Gallade,Psychic,Fighting,TEST 2,956,68,125,65,65,115,80,TEST 1
527,527,475,GalladeMega Gallade,Psychic,Fighting,TEST 2,1126,68,165,95,65,115,110,TEST 1
528,528,476,Probopass,Rock,Steel,TEST 2,1010,60,55,145,75,150,40,TEST 1
529,529,477,Dusknoir,Ghost,,TEST 2,1005,45,100,135,65,135,45,TEST 1
530,530,478,Froslass,Ice,Ghost,TEST 2,850,70,80,70,80,70,110,TEST 1
531,531,479,Rotom,Electric,Ghost,TEST 2,789,50,50,77,95,77,91,TEST 1
532,532,479,RotomHeat Rotom,Electric,Fire,TEST 2,954,50,65,107,105,107,86,TEST 1
533,533,479,RotomWash Rotom,Electric,Water,TEST 2,954,50,65,107,105,107,86,TEST 1
534,534,479,RotomFrost Rotom,Electric,Ice,TEST 2,954,50,65,107,105,107,86,TEST 1
535,535,479,RotomFan Rotom,Electric,Flying,TEST 2,954,50,65,107,105,107,86,TEST 1
536,536,479,RotomMow Rotom,Electric,Grass,TEST 2,954,50,65,107,105,107,86,TEST 1
537,537,480,Uxie,Psychic,,TEST 2,1065,75,75,130,75,130,95,TEST 1
538,538,481,Mesprit,Psychic,,TEST 2,1080,80,105,105,105,105,80,TEST 1
539,539,482,Azelf,Psychic,,TEST 2,1045,75,125,70,125,70,115,TEST 1
540,540,483,Dialga,Steel,Dragon,TEST 2,1270,100,120,120,150,100,90,TEST 1
541,541,484,Palkia,Water,Dragon,TEST 2,1260,90,120,100,150,120,100,TEST 1
542,542,485,Heatran,Fire,Steel,TEST 2,1123,91,90,106,130,106,77,TEST 1
543,543,486,Regigigas,Normal,,TEST 2,1240,110,160,110,80,110,100,TEST 1
544,544,487,GiratinaAltered Forme,Ghost,Dragon,TEST 2,1270,150,100,120,100,120,90,TEST 1
545,545,487,GiratinaOrigin Forme,Ghost,Dragon,TEST 2,1270,150,120,100,120,100,90,TEST 1
546,546,488,Cresselia,Psychic,,TEST 2,1115,120,70,120,75,130,85,TEST 1
547,547,489,Phione,Water,,TEST 2,880,80,80,80,80,80,80,TEST 1
548,548,490,Manaphy,Water,,TEST 2,1100,100,100,100,100,100,100,TEST 1
549,549,491,Darkrai,Dark,,TEST 2,1075,70,90,90,135,90,125,TEST 1
550,550,492,ShayminLand Forme,Grass,,TEST 2,1100,100,100,100,100,100,100,TEST 1
551,551,492,ShayminSky Forme,Grass,Flying,TEST 2,1073,100,103,75,120,75,127,TEST 1
552,552,493,Arceus,Normal,,TEST 2,1320,120,120,120,120,120,120,TEST 1
553,553,494,Victini,Psychic,Fire,TEST 2,1100,100,100,100,100,100,100,TEST 1
554,554,495,Snivy,Grass,,TEST 2,553,45,45,55,45,55,63,TEST 1
555,555,496,Servine,Grass,,TEST 2,743,60,60,75,60,75,83,TEST 1
556,556,497,Serperior,Grass,,TEST 2,943,75,75,95,75,95,113,TEST 1
557,557,498,Tepig,Fire,,TEST 2,571,65,63,45,45,45,45,TEST 1
558,558,499,Pignite,Fire,Fighting,TEST 2,781,90,93,55,70,55,55,TEST 1
559,559,500,Emboar,Fire,Fighting,TEST 2,991,110,123,65,100,65,65,TEST 1
560,560,501,Oshawott,Water,,TEST 2,571,55,55,45,63,45,45,TEST 1
561,561,502,Dewott,Water,,TEST 2,766,75,75,60,83,60,60,TEST 1
562,562,503,Samurott,Water,,TEST 2,986,95,100,85,108,70,70,TEST 1
563,563,504,Patrat,Normal,,False,468,45,55,39,35,39,42,5
564,564,505,Watchog,Normal,,TEST 2,763,60,85,69,60,69,77,TEST 1
565,565,506,Lillipup,Normal,,False,495,45,60,45,25,45,55,5
566,566,507,Herdier,Normal,,TEST 2,680,65,80,65,35,65,60,TEST 1
567,567,508,Stoutland,Normal,,TEST 2,920,85,110,90,45,90,80,TEST 1
568,568,509,Purrloin,Dark,,False,496,41,50,37,50,37,66,5
569,569,510,Liepard,Dark,,TEST 2,786,64,88,50,88,50,106,TEST 1
570,570,511,Pansage,Grass,,TEST 2,568,50,53,48,53,48,64,TEST 1
571,571,512,Simisage,Grass,,TEST 2,895,75,98,63,98,63,101,TEST 1
572,572,513,Pansear,Fire,,TEST 2,568,50,53,48,53,48,64,TEST 1
573,573,514,Simisear,Fire,,TEST 2,895,75,98,63,98,63,101,TEST 1
574,574,515,Panpour,Water,,TEST 2,568,50,53,48,53,48,64,TEST 1
575,575,516,Simipour,Water,,TEST 2,895,75,98,63,98,63,101,TEST 1
576,576,517,Munna,Psychic,,TEST 2,560,76,25,45,67,55,24,TEST 1
577,577,518,Musharna,Psychic,,TEST 2,945,116,55,85,107,95,29,TEST 1
578,578,519,Pidove,Normal,Flying,False,485,50,55,50,36,30,43,5
579,579,520,Tranquill,Normal,Flying,TEST 2,651,62,77,62,50,42,65,TEST 1
580,580,521,Unfezant,Normal,Flying,TEST 2,883,80,115,80,65,55,93,TEST 1
581,581,522,Blitzle,Electric,,TEST 2,514,45,60,32,50,32,76,TEST 1
582,582,523,Zebstrika,Electric,,TEST 2,878,75,100,63,80,63,116,TEST 1
583,583,524,Roggenrola,Rock,,TEST 2,545,55,75,85,25,25,15,TEST 1
584,584,525,Boldore,Rock,,TEST 2,760,70,105,105,50,40,20,TEST 1
585,585,526,Gigalith,Rock,,TEST 2,1005,85,135,130,60,80,25,TEST 1
586,586,527,Woobat,Psychic,Flying,TEST 2,554,55,45,43,55,43,72,TEST 1
587,587,528,Swoobat,Psychic,Flying,TEST 2,736,67,57,55,77,55,114,TEST 1
588,588,529,Drilbur,Ground,,TEST 2,588,60,85,40,30,45,68,TEST 1
589,589,530,Excadrill,Ground,Steel,TEST 2,928,110,135,60,50,65,88,TEST 1
590,590,531,Audino,Normal,,TEST 2,840,103,60,86,60,86,50,TEST 1
591,591,531,AudinoMega Audino,Normal,Fairy,TEST 2,1040,103,60,126,80,126,50,TEST 1
592,592,532,Timburr,Fighting,,TEST 2,575,75,80,55,25,35,35,TEST 1
593,593,533,Gurdurr,Fighting,,TEST 2,770,85,105,85,40,50,40,TEST 1
594,594,534,Conkeldurr,Fighting,,TEST 2,965,105,140,95,55,65,45,TEST 1
595,595,535,Tympole,Water,,TEST 2,524,50,50,40,50,40,64,TEST 1
596,596,536,Palpitoad,Water,Ground,TEST 2,699,75,65,55,65,55,69,TEST 1
597,597,537,Seismitoad,Water,Ground,TEST 2,944,105,95,75,85,75,74,TEST 1
598,598,538,Throh,Fighting,,TEST 2,885,120,100,85,30,85,45,TEST 1
599,599,539,Sawk,Fighting,,TEST 2,845,75,125,75,30,75,85,TEST 1
600,600,540,Sewaddle,Bug,Grass,TEST 2,578,45,53,70,40,60,42,TEST 1
601,601,541,Swadloon,Bug,Grass,TEST 2,718,55,63,90,50,80,42,TEST 1
602,602,542,Leavanny,Bug,Grass,TEST 2,908,75,103,80,70,80,92,TEST 1
603,603,543,Venipede,Bug,Poison,False,463,30,45,59,30,39,57,5
604,604,544,Whirlipede,Bug,Poison,TEST 2,673,40,55,99,40,79,47,TEST 1
605,605,545,Scolipede,Bug,Poison,TEST 2,858,60,100,89,55,69,112,TEST 1
606,606,546,Cottonee,Grass,Fairy,False,494,40,27,60,37,50,66,5
607,607,547,Whimsicott,Grass,Fairy,TEST 2,844,60,67,85,77,75,116,TEST 1
608,608,548,Petilil,Grass,,TEST 2,530,45,35,50,70,50,30,TEST 1
609,609,549,Lilligant,Grass,,TEST 2,870,70,60,75,110,75,90,TEST 1
610,610,550,Basculin,Water,,TEST 2,822,70,92,65,80,55,98,TEST 1
611,611,551,Sandile,Ground,Dark,TEST 2,519,50,72,35,35,35,65,TEST 1
612,612,552,Krokorok,Ground,Dark,TEST 2,628,60,82,45,45,45,74,TEST 1
613,613,553,Krookodile,Ground,Dark,TEST 2,946,95,117,80,65,70,92,TEST 1
614,614,554,Darumaka,Fire,,TEST 2,580,70,90,45,15,45,50,TEST 1
615,615,555,DarmanitanStandard Mode,Fire,,TEST 2,865,105,140,55,30,55,95,TEST 1
616,616,555,DarmanitanZen Mode,Fire,Psychic,TEST 2,1025,105,30,105,140,105,55,TEST 1
617,617,556,Maractus,Grass,,TEST 2,862,75,86,67,106,67,60,TEST 1
618,618,557,Dwebble,Bug,Rock,TEST 2,595,50,65,85,35,35,55,TEST 1
619,619,558,Crustle,Bug,Rock,TEST 2,905,70,95,125,65,75,45,TEST 1
620,620,559,Scraggy,Dark,Fighting,TEST 2,648,50,75,70,35,70,48,TEST 1
621,621,560,Scrafty,Dark,Fighting,TEST 2,918,65,90,115,45,115,58,TEST 1
622,622,561,Sigilyph,Psychic,Flying,TEST 2,883,72,58,80,103,80,97,TEST 1
623,623,562,Yamask,Ghost,,TEST 2,576,38,30,85,55,65,30,TEST 1
624,624,563,Cofagrigus,Ghost,,TEST 2,936,58,50,145,95,105,30,TEST 1
625,625,564,Tirtouga,Water,Rock,TEST 2,688,54,78,103,53,45,22,TEST 1
626,626,565,Carracosta,Water,Rock,TEST 2,958,74,108,133,83,65,32,TEST 1
627,627,566,Archen,Rock,Flying,TEST 2,732,55,112,45,74,45,70,TEST 1
628,628,567,Archeops,Rock,Flying,TEST 2,1024,75,140,65,112,65,110,TEST 1
629,629,568,Trubbish,Poison,,TEST 2,593,50,50,62,40,62,65,TEST 1
630,630,569,Garbodor,Poison,,TEST 2,873,80,95,82,60,82,75,TEST 1
631,631,570,Zorua,Dark,,TEST 2,595,40,65,40,80,40,65,TEST 1
632,632,571,Zoroark,Dark,,TEST 2,915,60,105,60,120,60,105,TEST 1
633,633,572,Minccino,Normal,,TEST 2,525,55,50,40,40,40,75,TEST 1
634,634,573,Cinccino,Normal,,TEST 2,825,75,95,60,65,60,115,TEST 1
635,635,574,Gothita,Psychic,,TEST 2,535,45,30,50,55,65,45,TEST 1
636,636,575,Gothorita,Psychic,,TEST 2,725,60,45,70,75,85,55,TEST 1
637,637,576,Gothitelle,Psychic,,TEST 2,915,70,55,95,95,110,65,TEST 1
638,638,577,Solosis,Psychic,,TEST 2,560,45,30,40,105,50,20,TEST 1
639,639,578,Duosion,Psychic,,TEST 2,710,65,40,50,125,60,30,TEST 1
640,640,579,Reuniclus,Psychic,,TEST 2,950,110,65,75,125,85,30,TEST 1
641,641,580,Ducklett,Water,Flying,TEST 2,555,62,44,50,44,50,55,TEST 1
642,642,581,Swanna,Water,Flying,TEST 2,848,75,87,63,87,63,98,TEST 1
643,643,582,Vanillite,Ice,,TEST 2,566,36,50,50,65,60,44,TEST 1
644,644,583,Vanillish,Ice,,TEST 2,731,51,65,65,80,75,59,TEST 1
645,645,584,Vanilluxe,Ice,,TEST 2,991,71,95,85,110,95,79,TEST 1
646,646,585,Deerling,Normal,Grass,TEST 2,595,60,60,50,40,50,75,TEST 1
647,647,586,Sawsbuck,Normal,Grass,TEST 2,855,80,100,70,60,70,95,TEST 1
648,648,587,Emolga,Electric,Flying,TEST 2,753,55,75,60,75,60,103,TEST 1
649,649,588,Karrablast,Bug,,TEST 2,570,50,75,45,40,45,60,TEST 1
650,650,589,Escavalier,Bug,Steel,TEST 2,970,70,135,105,60,105,20,TEST 1
651,651,590,Foongus,Grass,Poison,TEST 2,573,69,55,45,55,55,15,TEST 1
652,652,591,Amoonguss,Grass,Poison,TEST 2,898,114,85,70,85,80,30,TEST 1
653,653,592,Frillish,Water,Ghost,TEST 2,630,55,40,50,65,85,40,TEST 1
654,654,593,Jellicent,Water,Ghost,TEST 2,900,100,60,70,85,105,60,TEST 1
655,655,594,Alomomola,Water,,TEST 2,875,165,75,80,40,45,65,TEST 1
656,656,595,Joltik,Bug,Electric,TEST 2,573,50,47,50,57,50,65,TEST 1
657,657,596,Galvantula,Bug,Electric,TEST 2,836,70,77,60,97,60,108,TEST 1
658,658,597,Ferroseed,Grass,Steel,TEST 2,600,44,50,91,24,86,10,TEST 1
659,659,598,Ferrothorn,Grass,Steel,TEST 2,958,74,94,131,54,116,20,TEST 1
660,660,599,Klink,Steel,,TEST 2,570,40,55,70,45,60,30,TEST 1
661,661,600,Klang,Steel,,TEST 2,830,60,80,95,70,85,50,TEST 1
662,662,601,Klinklang,Steel,,TEST 2,950,60,100,115,70,85,90,TEST 1
663,663,602,Tynamo,Electric,,False,490,35,55,40,45,40,60,5
664,664,603,Eelektrik,Electric,,TEST 2,770,65,85,70,75,70,40,TEST 1
665,665,604,Eelektross,Electric,,TEST 2,980,85,115,80,105,80,50,TEST 1
666,666,605,Elgyem,Psychic,,TEST 2,640,55,55,55,85,55,30,TEST 1
667,667,606,Beheeyem,Psychic,,TEST 2,930,75,75,75,125,95,40,TEST 1
668,668,607,Litwick,Ghost,Fire,TEST 2,530,50,30,55,65,55,20,TEST 1
669,669,608,Lampent,Ghost,Fire,TEST 2,685,60,40,60,95,60,55,TEST 1
670,670,609,Chandelure,Ghost,Fire,TEST 2,960,60,55,90,145,90,80,TEST 1
671,671,610,Axew,Dragon,,TEST 2,583,46,87,60,30,40,57,TEST 1
672,672,611,Fraxure,Dragon,,TEST 2,753,66,117,70,40,50,67,TEST 1
673,673,612,Haxorus,Dragon,,TEST 2,983,76,147,90,60,70,97,TEST 1
674,674,613,Cubchoo,Ice,,TEST 2,570,55,70,40,60,40,40,TEST 1
675,675,614,Beartic,Ice,,TEST 2,920,95,110,80,70,80,50,TEST 1
676,676,615,Cryogonal,Ice,,TEST 2,865,70,50,30,95,135,105,TEST 1
677,677,616,Shelmet,Bug,,TEST 2,585,50,40,85,40,65,25,TEST 1
678,678,617,Accelgor,Bug,,TEST 2,845,80,70,40,100,60,145,TEST 1
679,679,618,Stunfisk,Ground,Electric,TEST 2,910,109,66,84,81,99,32,TEST 1
680,680,619,Mienfoo,Fighting,,TEST 2,635,45,85,50,55,50,65,TEST 1
681,681,620,Mienshao,Fighting,,TEST 2,915,65,125,60,95,60,105,TEST 1
682,682,621,Druddigon,Dragon,,TEST 2,922,77,120,90,60,90,48,TEST 1
683,683,622,Golett,Ground,Ghost,TEST 2,571,59,74,50,35,50,35,TEST 1
684,684,623,Golurk,Ground,Ghost,TEST 2,911,89,124,80,55,80,55,TEST 1
685,685,624,Pawniard,Dark,Steel,TEST 2,620,45,85,70,40,40,60,TEST 1
686,686,625,Bisharp,Dark,Steel,TEST 2,910,65,125,100,60,70,70,TEST 1
687,687,626,Bouffalant,Normal,,TEST 2,925,95,110,95,40,95,55,TEST 1
688,688,627,Rufflet,Normal,Flying,TEST 2,640,70,83,50,37,50,60,TEST 1
689,689,628,Braviary,Normal,Flying,TEST 2,940,100,123,75,57,75,80,TEST 1
690,690,629,Vullaby,Dark,Flying,TEST 2,680,70,55,75,45,65,60,TEST 1
691,691,630,Mandibuzz,Dark,Flying,TEST 2,940,110,65,105,55,95,80,TEST 1
692,692,631,Heatmor,Fire,,TEST 2,903,85,97,66,105,66,65,TEST 1
693,693,632,Durant,Bug,Steel,TEST 2,859,58,109,112,48,48,109,TEST 1
694,694,633,Deino,Dark,Dragon,TEST 2,562,52,65,50,45,50,38,TEST 1
695,695,634,Zweilous,Dark,Dragon,TEST 2,782,72,85,70,65,70,58,TEST 1
696,696,635,Hydreigon,Dark,Dragon,TEST 2,1102,92,105,90,125,90,98,TEST 1
697,697,636,Larvesta,Bug,Fire,TEST 2,660,55,85,55,50,55,60,TEST 1
698,698,637,Volcarona,Bug,Fire,TEST 2,1000,85,60,65,135,105,100,TEST 1
699,699,638,Cobalion,Steel,Fighting,TEST 2,1052,91,90,129,90,72,108,TEST 1
700,700,639,Terrakion,Rock,Fighting,TEST 2,1052,91,129,90,72,90,108,TEST 1
701,701,640,Virizion,Grass,Fighting,TEST 2,1052,91,90,72,90,129,108,TEST 1
702,702,641,TornadusIncarnate Forme,Flying,,TEST 2,1049,79,115,70,125,80,111,TEST 1
703,703,641,TornadusTherian Forme,Flying,,TEST 2,1039,79,100,80,110,90,121,TEST 1
704,704,642,ThundurusIncarnate Forme,Electric,Flying,TEST 2,1049,79,115,70,125,80,111,TEST 1
705,705,642,ThundurusTherian Forme,Electric,Flying,TEST 2,1059,79,105,70,145,80,101,TEST 1
706,706,643,Reshiram,Dragon,Fire,TEST 2,1270,100,120,100,150,120,90,TEST 1
707,707,644,Zekrom,Dragon,Electric,TEST 2,1270,100,150,120,120,100,90,TEST 1
708,708,645,LandorusIncarnate Forme,Ground,Flying,TEST 2,1099,89,125,90,115,80,101,TEST 1
709,709,645,LandorusTherian Forme,Ground,Flying,TEST 2,1109,89,145,90,105,80,91,TEST 1
710,710,646,Kyurem,Dragon,Ice,TEST 2,1225,125,130,90,130,90,95,TEST 1
711,711,646,KyuremBlack Kyurem,Dragon,Ice,TEST 2,1305,125,170,100,120,90,95,TEST 1
712,712,646,KyuremWhite Kyurem,Dragon,Ice,TEST 2,1305,125,120,90,170,100,95,TEST 1
713,713,647,KeldeoOrdinary Forme,Water,Fighting,TEST 2,1052,91,72,90,129,90,108,TEST 1
714,714,647,KeldeoResolute Forme,Water,Fighting,TEST 2,1052,91,72,90,129,90,108,TEST 1
715,715,648,MeloettaAria Forme,Normal,Psychic,TEST 2,1110,100,77,77,128,128,90,TEST 1
716,716,648,MeloettaPirouette Forme,Normal,Fighting,TEST 2,1072,100,128,90,77,77,128,TEST 1
717,717,649,Genesect,Bug,Steel,TEST 2,1101,71,120,95,120,95,99,TEST 1
718,718,650,Chespin,Grass,,TEST 2,588,56,61,65,48,45,38,TEST 1
719,719,651,Quilladin,Grass,,TEST 2,753,61,78,95,56,58,57,TEST 1
720,720,652,Chesnaught,Grass,Fighting,TEST 2,996,88,107,122,74,75,64,TEST 1
721,721,653,Fennekin,Fire,,TEST 2,554,40,45,40,62,60,60,TEST 1
722,722,654,Braixen,Fire,,TEST 2,745,59,59,58,90,70,73,TEST 1
723,723,655,Delphox,Fire,Psychic,TEST 2,964,75,69,72,114,100,104,TEST 1
724,724,656,Froakie,Water,,TEST 2,557,41,56,40,62,44,71,TEST 1
725,725,657,Frogadier,Water,,TEST 2,713,54,63,52,83,56,97,TEST 1
726,726,658,Greninja,Water,Dark,TEST 2,938,72,95,67,103,71,122,TEST 1
727,727,659,Bunnelby,Normal,,False,417,38,36,38,32,36,57,6
728,728,660,Diggersby,Normal,Ground,TEST 2,768,85,56,77,50,77,78,TEST 1
729,729,661,Fletchling,Normal,Flying,False,494,45,50,43,40,38,62,6
730,730,662,Fletchinder,Fire,Flying,TEST 2,680,62,73,55,56,52,84,TEST 1
731,731,663,Talonflame,Fire,Flying,TEST 2,872,78,81,71,74,69,126,TEST 1
732,732,664,Scatterbug,Bug,,False,365,38,35,40,27,25,35,6
733,733,665,Spewpa,Bug,,False,397,45,22,60,27,30,29,6
734,734,666,Vivillon,Bug,Flying,TEST 2,733,80,52,50,90,50,89,TEST 1
735,735,667,Litleo,Fire,Normal,TEST 2,666,62,50,58,73,54,72,TEST 1
736,736,668,Pyroar,Fire,Normal,TEST 2,908,86,68,72,109,66,106,TEST 1
737,737,669,Flabb,Fairy,,TEST 2,564,44,38,39,61,79,42,TEST 1
738,738,670,Floette,Fairy,,TEST 2,690,54,45,47,75,98,52,TEST 1
739,739,671,Florges,Fairy,,TEST 2,1029,78,65,68,112,154,75,TEST 1
740,740,672,Skiddo,Grass,,TEST 2,648,66,65,48,62,57,52,TEST 1
741,741,673,Gogoat,Grass,,TEST 2,994,123,100,62,97,81,68,TEST 1
742,742,674,Pancham,Fighting,,TEST 2,653,67,82,62,46,48,43,TEST 1
743,743,675,Pangoro,Fighting,Dark,TEST 2,932,95,124,78,69,71,58,TEST 1
744,744,676,Furfrou,Normal,,TEST 2,842,75,80,60,65,90,102,TEST 1
745,745,677,Espurr,Psychic,,TEST 2,642,62,48,54,63,60,68,TEST 1
746,746,678,MeowsticMale,Psychic,,TEST 2,828,74,48,76,83,81,104,TEST 1
747,747,678,MeowsticFemale,Psychic,,TEST 2,828,74,48,76,83,81,104,TEST 1
748,748,679,Honedge,Steel,Ghost,TEST 2,622,45,80,100,35,37,28,TEST 1
749,749,680,Doublade,Steel,Ghost,TEST 2,861,59,110,150,45,49,35,TEST 1
750,750,681,AegislashBlade Forme,Steel,Ghost,TEST 2,980,60,150,50,150,50,60,TEST 1
751,751,681,AegislashShield Forme,Steel,Ghost,TEST 2,980,60,50,150,50,150,60,TEST 1
752,752,682,Spritzee,Fairy,,TEST 2,659,78,52,60,63,65,23,TEST 1
753,753,683,Aromatisse,Fairy,,TEST 2,895,101,72,72,99,89,29,TEST 1
754,754,684,Swirlix,Fairy,,TEST 2,633,62,48,66,59,57,49,TEST 1
755,755,685,Slurpuff,Fairy,,TEST 2,888,82,80,86,85,75,72,TEST 1
756,756,686,Inkay,Dark,Psychic,TEST 2,531,53,54,53,37,46,45,TEST 1
757,757,687,Malamar,Dark,Psychic,TEST 2,891,86,92,88,68,75,73,TEST 1
758,758,688,Binacle,Rock,Water,TEST 2,562,42,52,67,39,56,50,TEST 1
759,759,689,Barbaracle,Rock,Water,TEST 2,932,72,105,115,54,86,68,TEST 1
760,760,690,Skrelp,Poison,Water,TEST 2,610,50,60,60,60,60,30,TEST 1
761,761,691,Dragalge,Poison,Dragon,TEST 2,944,65,75,90,97,123,44,TEST 1
762,762,692,Clauncher,Water,,TEST 2,616,50,53,62,58,63,44,TEST 1
763,763,693,Clawitzer,Water,,TEST 2,941,71,73,88,120,89,59,TEST 1
764,764,694,Helioptile,Electric,Normal,TEST 2,508,44,38,33,61,43,70,TEST 1
765,765,695,Heliolisk,Electric,Normal,TEST 2,853,62,55,52,109,94,109,TEST 1
766,766,696,Tyrunt,Rock,Dragon,TEST 2,676,58,89,77,45,45,48,TEST 1
767,767,697,Tyrantrum,Rock,Dragon,TEST 2,971,82,121,119,69,59,71,TEST 1
768,768,698,Amaura,Rock,Ice,TEST 2,678,77,59,50,67,63,46,TEST 1
769,769,699,Aurorus,Rock,Ice,TEST 2,984,123,77,72,99,92,58,TEST 1
770,770,700,Sylveon,Fairy,,TEST 2,990,95,65,65,110,130,60,TEST 1
771,771,701,Hawlucha,Fighting,Flying,TEST 2,882,78,92,75,74,63,118,TEST 1
772,772,702,Dedenne,Electric,Fairy,TEST 2,761,67,58,57,81,67,101,TEST 1
773,773,703,Carbink,Rock,Fairy,TEST 2,950,50,50,150,50,150,50,TEST 1
774,774,704,Goomy,Dragon,,TEST 2,560,45,50,35,55,75,40,TEST 1
775,775,705,Sliggoo,Dragon,,TEST 2,844,68,75,53,83,113,60,TEST 1
776,776,706,Goodra,Dragon,,TEST 2,1120,90,100,70,110,150,80,TEST 1
777,777,707,Klefki,Steel,Fairy,TEST 2,865,57,80,91,80,87,75,TEST 1
778,778,708,Phantump,Ghost,Grass,TEST 2,580,43,70,48,50,60,38,TEST 1
779,779,709,Trevenant,Ghost,Grass,TEST 2,892,85,110,76,65,82,56,TEST 1
780,780,710,PumpkabooAverage Size,Ghost,Grass,TEST 2,619,49,66,70,44,55,51,TEST 1
781,781,710,PumpkabooSmall Size,Ghost,Grass,TEST 2,614,44,66,70,44,55,56,TEST 1
782,782,710,PumpkabooLarge Size,Ghost,Grass,TEST 2,624,54,66,70,44,55,46,TEST 1
783,783,710,PumpkabooSuper Size,Ghost,Grass,TEST 2,629,59,66,70,44,55,41,TEST 1
784,784,711,GourgeistAverage Size,Ghost,Grass,TEST 2,904,65,90,122,58,75,84,TEST 1
785,785,711,GourgeistSmall Size,Ghost,Grass,TEST 2,889,55,85,122,58,75,99,TEST 1
786,786,711,GourgeistLarge Size,Ghost,Grass,TEST 2,919,75,95,122,58,75,69,TEST 1
787,787,711,GourgeistSuper Size,Ghost,Grass,TEST 2,934,85,100,122,58,75,54,TEST 1
788,788,712,Bergmite,Ice,,TEST 2,580,55,69,85,32,35,28,TEST 1
789,789,713,Avalugg,Ice,,TEST 2,1000,95,117,184,44,46,28,TEST 1
790,790,714,Noibat,Flying,Dragon,False,435,40,30,35,45,40,55,6
791,791,715,Noivern,Flying,Dragon,TEST 2,947,85,70,80,97,80,123,TEST 1
792,792,716,Xerneas,Fairy,,TEST 2,1261,126,131,95,131,98,99,TEST 1
793,793,717,Yveltal,Dark,Flying,TEST 2,1261,126,131,95,131,98,99,TEST 1
794,794,718,Zygarde50% Forme,Dragon,Ground,TEST 2,1105,108,100,121,81,95,95,TEST 1
795,795,719,Diancie,Rock,Fairy,TEST 2,1150,50,100,150,100,150,50,TEST 1
796,796,719,DiancieMega Diancie,Rock,Fairy,TEST 2,1290,50,160,110,160,110,110,TEST 1
797,797,720,HoopaHoopa Confined,Psychic,Ghost,TEST 2,1130,80,110,60,150,130,70,TEST 1
798,798,720,HoopaHoopa Unbound,Psychic,Dark,TEST 2,1280,80,160,60,170,130,80,TEST 1
799,799,721,Volcanion,Fire,Water,TEST 2,1130,80,110,120,130,90,70,TEST 1
